"X","postcode","lsoa","id_greenspace","greenspace_description","nearest_greenspace_area_m2","nearest_greenspace_distance_m","greenspace_count_1000_m_radius","greenspace_area_sum_1000_m_radius","lsoa_population_per_pcd","distance_category","lsoa_mean_nearest_greenspace_distance_m","lsoa_mean_nearest_greenspace_area_m2","lsoa_mean_greenspace_count_1000_m_radius","lsoa_mean_greenspace_area_sum_1000_m_radius","popbypark","pcds","pcd_start","pcd_end","pcd_nospace"
1227565,"IV428NH","S01010676","9E891090-0CA0-2C71-E053-A03BA40A7146","Public Park Or Garden",7907.22640000353,495.06464,1,7907,27.2571428571429,"300-600m",6162.09369181818,557.223443938931,1,556.424242424242,27.2571428571429,"IV42 8NH","IV42","8NH","IV428NH"
1496172,"IV428PZ","S01010673","9E89103D-71D6-2C71-E053-A03BA40A7146","Playing Field",11718.0339999988,4821.268,1,11718,34.6785714285714,"Greater than 1800m",937.300287407408,11718.0339999988,1,11718,1502.07804232804,"IV42 8PZ","IV42","8PZ","IV428PZ"
1496173,"IV428QA","S01010673","9E89103D-71D6-2C71-E053-A03BA40A7146","Playing Field",11718.0339999988,3152.3308,1,11718,34.6785714285714,"Greater than 1800m",937.300287407408,11718.0339999988,1,11718,1502.07804232804,"IV42 8QA","IV42","8QA","IV428QA"
1496174,"IV428PY","S01010673","9E89103D-71D6-2C71-E053-A03BA40A7146","Playing Field",11718.0339999988,3342.4902,1,11718,34.6785714285714,"Greater than 1800m",937.300287407408,11718.0339999988,1,11718,1502.07804232804,"IV42 8PY","IV42","8PY","IV428PY"
1496175,"IV428QE","S01010673","9E89103D-71D6-2C71-E053-A03BA40A7146","Playing Field",11718.0339999988,1805.3601,1,11718,34.6785714285714,"Greater than 1800m",937.300287407408,11718.0339999988,1,11718,1502.07804232804,"IV42 8QE","IV42","8QE","IV428QE"
1499244,"IV428QB","S01010674","9E89103D-71D6-2C71-E053-A03BA40A7146","Playing Field",11718.0339999988,1953.4058,1,11718,27.0285714285714,"Greater than 1800m",4087.79642879412,13191.3249382349,1,13190.9411764706,1502.07804232804,"IV42 8QB","IV42","8QB","IV428QB"
1510028,"IV428QD","S01010673","9E89103D-71D6-2C71-E053-A03BA40A7146","Playing Field",11718.0339999988,1497.914,1,11718,34.6785714285714,"900-1800m",937.300287407408,11718.0339999988,1,11718,1502.07804232804,"IV42 8QD","IV42","8QD","IV428QD"
