"X","postcode","lsoa","id_greenspace","greenspace_description","nearest_greenspace_area_m2","nearest_greenspace_distance_m","greenspace_count_1000_m_radius","greenspace_area_sum_1000_m_radius","lsoa_population_per_pcd","distance_category","lsoa_mean_nearest_greenspace_distance_m","lsoa_mean_nearest_greenspace_area_m2","lsoa_mean_greenspace_count_1000_m_radius","lsoa_mean_greenspace_area_sum_1000_m_radius","popbypark","pcds","pcd_start","pcd_end","pcd_nospace"
505038,"KW76HD","S01010772","9E891085-5312-2C71-E053-A03BA40A7146","Public Park Or Garden",8710.90399999682,369.3034,1,8710,22.4411764705882,"300-600m",1525.67340325926,5220.26991666667,1.51851851851852,6851.11111111111,89.764705882353,"KW7 6HD","KW7","6HD","KW76HD"
1569485,"KW76HF","S01010772","9E891085-5312-2C71-E053-A03BA40A7146","Public Park Or Garden",8710.90399999682,1924.7577,1,8710,22.4411764705882,"Greater than 1800m",1525.67340325926,5220.26991666667,1.51851851851852,6851.11111111111,89.764705882353,"KW7 6HF","KW7","6HF","KW76HF"
1569486,"KW76HE","S01010772","9E891085-5312-2C71-E053-A03BA40A7146","Public Park Or Garden",8710.90399999682,1840.5005,1,8710,22.4411764705882,"Greater than 1800m",1525.67340325926,5220.26991666667,1.51851851851852,6851.11111111111,89.764705882353,"KW7 6HE","KW7","6HE","KW76HE"
1569487,"KW76HB","S01010772","9E891085-5312-2C71-E053-A03BA40A7146","Public Park Or Garden",8710.90399999682,1973.3365,1,8710,22.4411764705882,"Greater than 1800m",1525.67340325926,5220.26991666667,1.51851851851852,6851.11111111111,89.764705882353,"KW7 6HB","KW7","6HB","KW76HB"
