"X","postcode","lsoa","id_greenspace","greenspace_description","nearest_greenspace_area_m2","nearest_greenspace_distance_m","greenspace_count_1000_m_radius","greenspace_area_sum_1000_m_radius","lsoa_population_per_pcd","distance_category","lsoa_mean_nearest_greenspace_distance_m","lsoa_mean_nearest_greenspace_area_m2","lsoa_mean_greenspace_count_1000_m_radius","lsoa_mean_greenspace_area_sum_1000_m_radius","popbypark","pcds","pcd_start","pcd_end","pcd_nospace"
78837,"L414LP","E01007127","9E891094-5846-2C71-E053-A03BA40A7146","Playing Field",32295.2340999986,267.58923,5,671976,39.6585365853659,"Less than or equal to 300m",170.892320829268,222080.201331702,5.68292682926829,680577.609756098,1932.05741266427,"L41 4LP","L41","4LP","L414LP"
881353,"L411BT","E01007269","9E891094-2DFE-2C71-E053-A03BA40A7146","Public Park Or Garden",12259.0184499993,997.5089,1,12259,29.0677966101695,"900-1800m",300.555807355932,18494.8318271177,5.3728813559322,284152.542372881,3395.87821806689,"L41 1BT","L41","1BT","L411BT"
1370919,"L414LN","E01007127","9E891094-5846-2C71-E053-A03BA40A7146","Playing Field",32295.2340999986,263.22995,5,671976,39.6585365853659,"Less than or equal to 300m",170.892320829268,222080.201331702,5.68292682926829,680577.609756098,1932.05741266427,"L41 4LN","L41","4LN","L414LN"
1474032,"L415BZ","E01007126","9E891094-5A63-2C71-E053-A03BA40A7146","Public Park Or Garden",5891.09025000249,856.379,2,8796,11.2311827956989,"600-900m",862.832051344086,135198.478534945,2.12365591397849,319977.446236559,5869.90106174241,"L41 5BZ","L41","5BZ","L415BZ"
