"X","postcode","lsoa","id_greenspace","greenspace_description","nearest_greenspace_area_m2","nearest_greenspace_distance_m","greenspace_count_1000_m_radius","greenspace_area_sum_1000_m_radius","lsoa_population_per_pcd","distance_category","lsoa_mean_nearest_greenspace_distance_m","lsoa_mean_nearest_greenspace_area_m2","lsoa_mean_greenspace_count_1000_m_radius","lsoa_mean_greenspace_area_sum_1000_m_radius","popbypark","pcds","pcd_start","pcd_end","pcd_nospace"
559207,"L437RZ","E01007125","9E89103B-15C7-2C71-E053-A03BA40A7146","Playing Field",9953.56389999826,127.01575,12,1443685,38.2045454545455,"Less than or equal to 300m",186.448459159091,168704.884902268,11.3181818181818,1179610.95454545,1820.50889376654,"L43 7RZ","L43","7RZ","L437RZ"
802140,"L437RY","E01007125","9E89103B-15C7-2C71-E053-A03BA40A7146","Playing Field",9953.56389999826,107.912,11,1115515,38.2045454545455,"Less than or equal to 300m",186.448459159091,168704.884902268,11.3181818181818,1179610.95454545,1820.50889376654,"L43 7RY","L43","7RY","L437RY"
1116439,"L437SB","E01007125","9E89103B-15C7-2C71-E053-A03BA40A7146","Playing Field",9953.56389999826,101.597244,12,1443685,38.2045454545455,"Less than or equal to 300m",186.448459159091,168704.884902268,11.3181818181818,1179610.95454545,1820.50889376654,"L43 7SB","L43","7SB","L437SB"
1122089,"L437SG","E01007125","9E89103B-15C7-2C71-E053-A03BA40A7146","Playing Field",9953.56389999826,131.24405,12,1443685,38.2045454545455,"Less than or equal to 300m",186.448459159091,168704.884902268,11.3181818181818,1179610.95454545,1820.50889376654,"L43 7SG","L43","7SG","L437SG"
1320887,"L437RU","E01007125","9E89103B-15C7-2C71-E053-A03BA40A7146","Playing Field",9953.56389999826,218.04816,11,1115515,38.2045454545455,"Less than or equal to 300m",186.448459159091,168704.884902268,11.3181818181818,1179610.95454545,1820.50889376654,"L43 7RU","L43","7RU","L437RU"
