"X","postcode","lsoa","id_greenspace","greenspace_description","nearest_greenspace_area_m2","nearest_greenspace_distance_m","greenspace_count_1000_m_radius","greenspace_area_sum_1000_m_radius","lsoa_population_per_pcd","distance_category","lsoa_mean_nearest_greenspace_distance_m","lsoa_mean_nearest_greenspace_area_m2","lsoa_mean_greenspace_count_1000_m_radius","lsoa_mean_greenspace_area_sum_1000_m_radius","popbypark","pcds","pcd_start","pcd_end","pcd_nospace"
219180,"L461SL","E01007206","9E891048-9E15-2C71-E053-A03BA40A7146","Public Park Or Garden",13842.5159000031,181.89282,6,330012,42.0666666666667,"Less than or equal to 300m",173.677466777778,19267.1366633362,6.55555555555555,309073.422222222,2875.20952380952,"L46 1SL","L46","1SL","L461SL"
941504,"L461SW","E01007206","9E891048-9E15-2C71-E053-A03BA40A7146","Public Park Or Garden",13842.5159000031,392.53662,7,332737,42.0666666666667,"300-600m",173.677466777778,19267.1366633362,6.55555555555555,309073.422222222,2875.20952380952,"L46 1SW","L46","1SW","L461SW"
1084983,"L461SR","E01007206","9E891048-9E15-2C71-E053-A03BA40A7146","Public Park Or Garden",13842.5159000031,378.8456,7,332737,42.0666666666667,"300-600m",173.677466777778,19267.1366633362,6.55555555555555,309073.422222222,2875.20952380952,"L46 1SR","L46","1SR","L461SR"
