"X","postcode","lsoa","id_greenspace","greenspace_description","nearest_greenspace_area_m2","nearest_greenspace_distance_m","greenspace_count_1000_m_radius","greenspace_area_sum_1000_m_radius","lsoa_population_per_pcd","distance_category","lsoa_mean_nearest_greenspace_distance_m","lsoa_mean_nearest_greenspace_area_m2","lsoa_mean_greenspace_count_1000_m_radius","lsoa_mean_greenspace_area_sum_1000_m_radius","popbypark","pcds","pcd_start","pcd_end","pcd_nospace"
130699,"L499DG","E01007300","9E891037-4587-2C71-E053-A03BA40A7146","Public Park Or Garden",4149.97614999926,797.09033,3,1156047,46.04,"600-900m",649.2436524,400015.880717001,3.58,1086244.18,5037.78079498467,"L49 9DG","L49","9DG","L499DG"
137151,"L499DQ","E01007300","9E891037-4587-2C71-E053-A03BA40A7146","Public Park Or Garden",4149.97614999926,797.09033,3,1156047,46.04,"600-900m",649.2436524,400015.880717001,3.58,1086244.18,5037.78079498467,"L49 9DQ","L49","9DQ","L499DQ"
378876,"L499DH","E01007300","9E891043-0897-2C71-E053-A03BA40A7146","Public Park Or Garden",989456.131000004,714.0028,4,1188221,46.04,"600-900m",649.2436524,400015.880717001,3.58,1086244.18,7153.72802879292,"L49 9DH","L49","9DH","L499DH"
637094,"L499DJ","E01007300","9E891043-0897-2C71-E053-A03BA40A7146","Public Park Or Garden",989456.131000004,714.0028,4,1188221,46.04,"600-900m",649.2436524,400015.880717001,3.58,1086244.18,7153.72802879292,"L49 9DJ","L49","9DJ","L499DJ"
