"X","postcode","lsoa","id_greenspace","greenspace_description","nearest_greenspace_area_m2","nearest_greenspace_distance_m","greenspace_count_1000_m_radius","greenspace_area_sum_1000_m_radius","lsoa_population_per_pcd","distance_category","lsoa_mean_nearest_greenspace_distance_m","lsoa_mean_nearest_greenspace_area_m2","lsoa_mean_greenspace_count_1000_m_radius","lsoa_mean_greenspace_area_sum_1000_m_radius","popbypark","pcds","pcd_start","pcd_end","pcd_nospace"
234956,"NP53PE","W01001554","9E89105D-BD90-2C71-E053-A03BA40A7146","Playing Field",108729.747350001,704.8269,2,201825,22.9634146341463,"600-900m",459.224434341464,103391.288110977,2.07317073170732,192015.853658537,4624.71011048341,"NP5 3PE","NP5","3PE","NP53PE"
350953,"NP51BQ","W01001597","9E891091-6529-2C71-E053-A03BA40A7146","Playing Field",20886.9014000009,264.76404,5,70054,33.3111111111111,"Less than or equal to 300m",523.929368333333,17589.6427177774,4,54353.1333333333,1020.94285714286,"NP5 1BQ","NP5","1BQ","NP51BQ"
467349,"NP51AU","W01001597","9E891091-6CAE-2C71-E053-A03BA40A7146","Playing Field",11924.1355499968,196.1632,5,70054,33.3111111111111,"Less than or equal to 300m",523.929368333333,17589.6427177774,4,54353.1333333333,1560.24126984127,"NP5 1AU","NP5","1AU","NP51AU"
999520,"NP53EP","W01001554","9E89105D-BD90-2C71-E053-A03BA40A7146","Playing Field",108729.747350001,121.59358,3,211417,22.9634146341463,"Less than or equal to 300m",459.224434341464,103391.288110977,2.07317073170732,192015.853658537,4624.71011048341,"NP5 3EP","NP5","3EP","NP53EP"
1131963,"NP51AT","W01001597","9E8911C2-FB46-2C71-E053-A03BA40A7146","Playing Field",19309.3435000005,205.11948,5,70054,33.3111111111111,"Less than or equal to 300m",523.929368333333,17589.6427177774,4,54353.1333333333,180.961904761905,"NP5 1AT","NP5","1AT","NP51AT"
