"X","postcode","lsoa","id_greenspace","greenspace_description","nearest_greenspace_area_m2","nearest_greenspace_distance_m","greenspace_count_1000_m_radius","greenspace_area_sum_1000_m_radius","lsoa_population_per_pcd","distance_category","lsoa_mean_nearest_greenspace_distance_m","lsoa_mean_nearest_greenspace_area_m2","lsoa_mean_greenspace_count_1000_m_radius","lsoa_mean_greenspace_area_sum_1000_m_radius","popbypark","pcds","pcd_start","pcd_end","pcd_nospace"
1495210,"PA223AJ","S01007352","9E8910E6-7B96-2C71-E053-A03BA40A7146","Playing Field",19295.4725999943,2525.7275,1,19295,27.65,"Greater than 1800m",3967.29665,27168.0065249977,1,27167.5833333333,110.6,"PA22 3AJ","PA22","3AJ","PA223AJ"
1506630,"PA223AU","S01007352","9E891091-CC02-2C71-E053-A03BA40A7146","Playing Field",13625.1052999919,4645.0264,1,13625,27.65,"Greater than 1800m",3967.29665,27168.0065249977,1,27167.5833333333,681.893401601892,"PA22 3AU","PA22","3AU","PA223AU"
1512499,"PA223AP","S01007352","9E8910E6-7D19-2C71-E053-A03BA40A7146","Public Park Or Garden",54276.3600999997,3199.4006,1,54276,27.65,"Greater than 1800m",3967.29665,27168.0065249977,1,27167.5833333333,193.035897435897,"PA22 3AP","PA22","3AP","PA223AP"
1512500,"PA223AR","S01007352","9E8910E6-7D19-2C71-E053-A03BA40A7146","Public Park Or Garden",54276.3600999997,2482.1301,1,54276,27.65,"Greater than 1800m",3967.29665,27168.0065249977,1,27167.5833333333,193.035897435897,"PA22 3AR","PA22","3AR","PA223AR"
1532473,"PA223AH","S01007352","9E8910E6-7D19-2C71-E053-A03BA40A7146","Public Park Or Garden",54276.3600999997,3166.495,1,54276,27.65,"Greater than 1800m",3967.29665,27168.0065249977,1,27167.5833333333,193.035897435897,"PA22 3AH","PA22","3AH","PA223AH"
1534139,"PA223AF","S01007352","9E8910E6-7B96-2C71-E053-A03BA40A7146","Playing Field",19295.4725999943,2635.0227,1,19295,27.65,"Greater than 1800m",3967.29665,27168.0065249977,1,27167.5833333333,110.6,"PA22 3AF","PA22","3AF","PA223AF"
1555162,"PA223AG","S01007352","9E8910E6-7B96-2C71-E053-A03BA40A7146","Playing Field",19295.4725999943,3671.3599,1,19295,27.65,"Greater than 1800m",3967.29665,27168.0065249977,1,27167.5833333333,110.6,"PA22 3AG","PA22","3AG","PA223AG"
