"X","postcode","lsoa","id_greenspace","greenspace_description","nearest_greenspace_area_m2","nearest_greenspace_distance_m","greenspace_count_1000_m_radius","greenspace_area_sum_1000_m_radius","lsoa_population_per_pcd","distance_category","lsoa_mean_nearest_greenspace_distance_m","lsoa_mean_nearest_greenspace_area_m2","lsoa_mean_greenspace_count_1000_m_radius","lsoa_mean_greenspace_area_sum_1000_m_radius","popbypark","pcds","pcd_start","pcd_end","pcd_nospace"
784588,"PA364AE","S01007308","9E8910D4-C0A5-2C71-E053-A03BA40A7146","Public Park Or Garden",1434.60529999838,72.91776,1,1434,19.6216216216216,"Less than or equal to 300m",3345.38084628571,6529.01898999859,1,6528.28571428572,98.1081081081081,"PA36 4AE","PA36","4AE","PA364AE"
937842,"PA364AD","S01007308","9E8910D4-C0A5-2C71-E053-A03BA40A7146","Public Park Or Garden",1434.60529999838,151.84532,1,1434,19.6216216216216,"Less than or equal to 300m",3345.38084628571,6529.01898999859,1,6528.28571428572,98.1081081081081,"PA36 4AD","PA36","4AD","PA364AD"
1550165,"PA364AF","S01007308","9E8911C1-77DD-2C71-E053-A03BA40A7146","Playing Field",2419.22360000046,4974.2974,1,2419,19.6216216216216,"Greater than 1800m",3345.38084628571,6529.01898999859,1,6528.28571428572,130.478764478765,"PA36 4AF","PA36","4AF","PA364AF"
1558265,"PA364AG","S01007308","9E8910D4-C0A5-2C71-E053-A03BA40A7146","Public Park Or Garden",1434.60529999838,5245.896,1,1434,19.6216216216216,"Greater than 1800m",3345.38084628571,6529.01898999859,1,6528.28571428572,98.1081081081081,"PA36 4AG","PA36","4AG","PA364AG"
1558266,"PA364AQ","S01007308","9E8910D4-C0A5-2C71-E053-A03BA40A7146","Public Park Or Garden",1434.60529999838,2887.4744,1,1434,19.6216216216216,"Greater than 1800m",3345.38084628571,6529.01898999859,1,6528.28571428572,98.1081081081081,"PA36 4AQ","PA36","4AQ","PA364AQ"
1558267,"PA364AH","S01007308","9E8910D4-C0A5-2C71-E053-A03BA40A7146","Public Park Or Garden",1434.60529999838,3748.8997,1,1434,19.6216216216216,"Greater than 1800m",3345.38084628571,6529.01898999859,1,6528.28571428572,98.1081081081081,"PA36 4AH","PA36","4AH","PA364AH"
