"X","postcode","lsoa","id_greenspace","greenspace_description","nearest_greenspace_area_m2","nearest_greenspace_distance_m","greenspace_count_1000_m_radius","greenspace_area_sum_1000_m_radius","lsoa_population_per_pcd","distance_category","lsoa_mean_nearest_greenspace_distance_m","lsoa_mean_nearest_greenspace_area_m2","lsoa_mean_greenspace_count_1000_m_radius","lsoa_mean_greenspace_area_sum_1000_m_radius","popbypark","pcds","pcd_start","pcd_end","pcd_nospace"
1545054,"PA617YU","S01007324","9E8910E6-4DA4-2C71-E053-A03BA40A7146","Playing Field",3753.39749999869,28166.104,1,3753,14.44,"Greater than 1800m",10899.7839773913,2015.26668260855,1,2014.5652173913,145.597857142857,"PA61 7YU","PA61","7YU","PA617YU"
1545055,"PA617YR","S01007324","9E8910E6-4DA4-2C71-E053-A03BA40A7146","Playing Field",3753.39749999869,26654.377,1,3753,14.44,"Greater than 1800m",10899.7839773913,2015.26668260855,1,2014.5652173913,145.597857142857,"PA61 7YR","PA61","7YR","PA617YR"
1545056,"PA617YT","S01007324","9E8910E6-4DA4-2C71-E053-A03BA40A7146","Playing Field",3753.39749999869,29721.719,1,3753,14.44,"Greater than 1800m",10899.7839773913,2015.26668260855,1,2014.5652173913,145.597857142857,"PA61 7YT","PA61","7YT","PA617YT"
1545057,"PA617YZ","S01007324","9E8910E6-4DA4-2C71-E053-A03BA40A7146","Playing Field",3753.39749999869,25727.508,1,3753,14.44,"Greater than 1800m",10899.7839773913,2015.26668260855,1,2014.5652173913,145.597857142857,"PA61 7YZ","PA61","7YZ","PA617YZ"
1545058,"PA617YN","S01007324","9E8910E6-4DA4-2C71-E053-A03BA40A7146","Playing Field",3753.39749999869,26207.135,1,3753,14.44,"Greater than 1800m",10899.7839773913,2015.26668260855,1,2014.5652173913,145.597857142857,"PA61 7YN","PA61","7YN","PA617YN"
1545059,"PA617YW","S01007324","9E8910E6-4DA4-2C71-E053-A03BA40A7146","Playing Field",3753.39749999869,25766.748,1,3753,14.44,"Greater than 1800m",10899.7839773913,2015.26668260855,1,2014.5652173913,145.597857142857,"PA61 7YW","PA61","7YW","PA617YW"
1545061,"PA617YS","S01007324","9E8910E6-4DA4-2C71-E053-A03BA40A7146","Playing Field",3753.39749999869,21275.182,1,3753,14.44,"Greater than 1800m",10899.7839773913,2015.26668260855,1,2014.5652173913,145.597857142857,"PA61 7YS","PA61","7YS","PA617YS"
