"X","postcode","lsoa","id_greenspace","greenspace_description","nearest_greenspace_area_m2","nearest_greenspace_distance_m","greenspace_count_1000_m_radius","greenspace_area_sum_1000_m_radius","lsoa_population_per_pcd","distance_category","lsoa_mean_nearest_greenspace_distance_m","lsoa_mean_nearest_greenspace_area_m2","lsoa_mean_greenspace_count_1000_m_radius","lsoa_mean_greenspace_area_sum_1000_m_radius","popbypark","pcds","pcd_start","pcd_end","pcd_nospace"
1538038,"PA656BH","S01007288","9E8910ED-84B0-2C71-E053-A03BA40A7146","Playing Field",17457.2766999963,4387.438,1,17457,18.4838709677419,"Greater than 1800m",14051.304537037,170891.858088889,1,170891.333333333,352.758684863523,"PA65 6BH","PA65","6BH","PA656BH"
1538039,"PA656BG","S01007288","9E8910ED-84B0-2C71-E053-A03BA40A7146","Playing Field",17457.2766999963,4463.565,1,17457,18.4838709677419,"Greater than 1800m",14051.304537037,170891.858088889,1,170891.333333333,352.758684863523,"PA65 6BG","PA65","6BG","PA656BG"
1538040,"PA656BE","S01007288","9E8910ED-84B0-2C71-E053-A03BA40A7146","Playing Field",17457.2766999963,4525.794,1,17457,18.4838709677419,"Greater than 1800m",14051.304537037,170891.858088889,1,170891.333333333,352.758684863523,"PA65 6BE","PA65","6BE","PA656BE"
1560946,"PA656BD","S01007288","9E8910ED-84B0-2C71-E053-A03BA40A7146","Playing Field",17457.2766999963,10105.377,1,17457,18.4838709677419,"Greater than 1800m",14051.304537037,170891.858088889,1,170891.333333333,352.758684863523,"PA65 6BD","PA65","6BD","PA656BD"
