"X","postcode","lsoa","id_greenspace","greenspace_description","nearest_greenspace_area_m2","nearest_greenspace_distance_m","greenspace_count_1000_m_radius","greenspace_area_sum_1000_m_radius","lsoa_population_per_pcd","distance_category","lsoa_mean_nearest_greenspace_distance_m","lsoa_mean_nearest_greenspace_area_m2","lsoa_mean_greenspace_count_1000_m_radius","lsoa_mean_greenspace_area_sum_1000_m_radius","popbypark","pcds","pcd_start","pcd_end","pcd_nospace"
1501422,"PA666BH","S01007287","9E8910D4-CD78-2C71-E053-A03BA40A7146","Public Park Or Garden",1481300.85665001,36417.125,1,1481300,23.2592592592593,"Greater than 1800m",34343.6573076923,1027822.57278078,1,1027821.84615385,2059.49135649297,"PA66 6BH","PA66","6BH","PA666BH"
1501423,"PA666BW","S01007287","9E8910D4-CD78-2C71-E053-A03BA40A7146","Public Park Or Garden",1481300.85665001,35412.777,1,1481300,23.2592592592593,"Greater than 1800m",34343.6573076923,1027822.57278078,1,1027821.84615385,2059.49135649297,"PA66 6BW","PA66","6BW","PA666BW"
1501426,"PA666BT","S01007287","9E8910D4-CD78-2C71-E053-A03BA40A7146","Public Park Or Garden",1481300.85665001,34044.152,1,1481300,23.2592592592593,"Greater than 1800m",34343.6573076923,1027822.57278078,1,1027821.84615385,2059.49135649297,"PA66 6BT","PA66","6BT","PA666BT"
1501427,"PA666BL","S01007287","9E8910D4-CD78-2C71-E053-A03BA40A7146","Public Park Or Garden",1481300.85665001,36365.348,1,1481300,23.2592592592593,"Greater than 1800m",34343.6573076923,1027822.57278078,1,1027821.84615385,2059.49135649297,"PA66 6BL","PA66","6BL","PA666BL"
1501433,"PA666BP","S01007287","9E8910D4-CD78-2C71-E053-A03BA40A7146","Public Park Or Garden",1481300.85665001,35055.258,1,1481300,23.2592592592593,"Greater than 1800m",34343.6573076923,1027822.57278078,1,1027821.84615385,2059.49135649297,"PA66 6BP","PA66","6BP","PA666BP"
1501434,"PA666BU","S01007287","9E8910D4-CD78-2C71-E053-A03BA40A7146","Public Park Or Garden",1481300.85665001,35764.586,1,1481300,23.2592592592593,"Greater than 1800m",34343.6573076923,1027822.57278078,1,1027821.84615385,2059.49135649297,"PA66 6BU","PA66","6BU","PA666BU"
1501445,"PA666BS","S01007287","9E8910D4-CD78-2C71-E053-A03BA40A7146","Public Park Or Garden",1481300.85665001,34296.305,1,1481300,23.2592592592593,"Greater than 1800m",34343.6573076923,1027822.57278078,1,1027821.84615385,2059.49135649297,"PA66 6BS","PA66","6BS","PA666BS"
