"X","postcode","lsoa","id_greenspace","greenspace_description","nearest_greenspace_area_m2","nearest_greenspace_distance_m","greenspace_count_1000_m_radius","greenspace_area_sum_1000_m_radius","lsoa_population_per_pcd","distance_category","lsoa_mean_nearest_greenspace_distance_m","lsoa_mean_nearest_greenspace_area_m2","lsoa_mean_greenspace_count_1000_m_radius","lsoa_mean_greenspace_area_sum_1000_m_radius","popbypark","pcds","pcd_start","pcd_end","pcd_nospace"
1566542,"PA696ER","S01007288","9E891046-85F2-2C71-E053-A03BA40A7146","Public Park Or Garden",84.6245000008816,21322.002,1,84,18.4838709677419,"Greater than 1800m",14051.304537037,170891.858088889,1,170891.333333333,632.814642496094,"PA69 6ER","PA69","6ER","PA696ER"
1566544,"PA696ES","S01007288","9E891046-85F2-2C71-E053-A03BA40A7146","Public Park Or Garden",84.6245000008816,22221.098,1,84,18.4838709677419,"Greater than 1800m",14051.304537037,170891.858088889,1,170891.333333333,632.814642496094,"PA69 6ES","PA69","6ES","PA696ES"
1566546,"PA696EU","S01007288","9E891046-85F2-2C71-E053-A03BA40A7146","Public Park Or Garden",84.6245000008816,23809.646,1,84,18.4838709677419,"Greater than 1800m",14051.304537037,170891.858088889,1,170891.333333333,632.814642496094,"PA69 6EU","PA69","6EU","PA696EU"
1566564,"PA696ET","S01007288","9E891046-85F2-2C71-E053-A03BA40A7146","Public Park Or Garden",84.6245000008816,20908.98,1,84,18.4838709677419,"Greater than 1800m",14051.304537037,170891.858088889,1,170891.333333333,632.814642496094,"PA69 6ET","PA69","6ET","PA696ET"
