"X","postcode","lsoa","id_greenspace","greenspace_description","nearest_greenspace_area_m2","nearest_greenspace_distance_m","greenspace_count_1000_m_radius","greenspace_area_sum_1000_m_radius","lsoa_population_per_pcd","distance_category","lsoa_mean_nearest_greenspace_distance_m","lsoa_mean_nearest_greenspace_area_m2","lsoa_mean_greenspace_count_1000_m_radius","lsoa_mean_greenspace_area_sum_1000_m_radius","popbypark","pcds","pcd_start","pcd_end","pcd_nospace"
1504275,"PA706HB","S01007288","9E8910ED-84B0-2C71-E053-A03BA40A7146","Playing Field",17457.2766999963,19072.031,1,17457,18.4838709677419,"Greater than 1800m",14051.304537037,170891.858088889,1,170891.333333333,352.758684863523,"PA70 6HB","PA70","6HB","PA706HB"
1504276,"PA706HQ","S01007288","9E8910ED-84B0-2C71-E053-A03BA40A7146","Playing Field",17457.2766999963,18731.664,1,17457,18.4838709677419,"Greater than 1800m",14051.304537037,170891.858088889,1,170891.333333333,352.758684863523,"PA70 6HQ","PA70","6HQ","PA706HQ"
1504277,"PA706HG","S01007288","9E8910ED-84B0-2C71-E053-A03BA40A7146","Playing Field",17457.2766999963,14043.682,1,17457,18.4838709677419,"Greater than 1800m",14051.304537037,170891.858088889,1,170891.333333333,352.758684863523,"PA70 6HG","PA70","6HG","PA706HG"
1504278,"PA706HE","S01007288","9E8910ED-84B0-2C71-E053-A03BA40A7146","Playing Field",17457.2766999963,23491.232,1,17457,18.4838709677419,"Greater than 1800m",14051.304537037,170891.858088889,1,170891.333333333,352.758684863523,"PA70 6HE","PA70","6HE","PA706HE"
1561578,"PA706HD","S01007288","9E8910ED-93E7-2C71-E053-A03BA40A7146","Playing Field",4015.5380500007,21576.623,1,4015,18.4838709677419,"Greater than 1800m",14051.304537037,170891.858088889,1,170891.333333333,659.712482468443,"PA70 6HD","PA70","6HD","PA706HD"
1566557,"PA706HF","S01007288","9E891046-85F2-2C71-E053-A03BA40A7146","Public Park Or Garden",84.6245000008816,29150.418,1,84,18.4838709677419,"Greater than 1800m",14051.304537037,170891.858088889,1,170891.333333333,632.814642496094,"PA70 6HF","PA70","6HF","PA706HF"
