"X","postcode","lsoa","id_greenspace","greenspace_description","nearest_greenspace_area_m2","nearest_greenspace_distance_m","greenspace_count_1000_m_radius","greenspace_area_sum_1000_m_radius","lsoa_population_per_pcd","distance_category","lsoa_mean_nearest_greenspace_distance_m","lsoa_mean_nearest_greenspace_area_m2","lsoa_mean_greenspace_count_1000_m_radius","lsoa_mean_greenspace_area_sum_1000_m_radius","popbypark","pcds","pcd_start","pcd_end","pcd_nospace"
1566547,"PA716HR","S01007288","9E891046-85F2-2C71-E053-A03BA40A7146","Public Park Or Garden",84.6245000008816,8798.097,1,84,18.4838709677419,"Greater than 1800m",14051.304537037,170891.858088889,1,170891.333333333,632.814642496094,"PA71 6HR","PA71","6HR","PA716HR"
1566552,"PA716HT","S01007288","9E891046-85F2-2C71-E053-A03BA40A7146","Public Park Or Garden",84.6245000008816,9891.117,1,84,18.4838709677419,"Greater than 1800m",14051.304537037,170891.858088889,1,170891.333333333,632.814642496094,"PA71 6HT","PA71","6HT","PA716HT"
1566558,"PA716HU","S01007288","9E891046-85F2-2C71-E053-A03BA40A7146","Public Park Or Garden",84.6245000008816,9741.293,1,84,18.4838709677419,"Greater than 1800m",14051.304537037,170891.858088889,1,170891.333333333,632.814642496094,"PA71 6HU","PA71","6HU","PA716HU"
1566565,"PA716HS","S01007288","9E891046-85F2-2C71-E053-A03BA40A7146","Public Park Or Garden",84.6245000008816,9074.895,1,84,18.4838709677419,"Greater than 1800m",14051.304537037,170891.858088889,1,170891.333333333,632.814642496094,"PA71 6HS","PA71","6HS","PA716HS"
