"X","postcode","lsoa","id_greenspace","greenspace_description","nearest_greenspace_area_m2","nearest_greenspace_distance_m","greenspace_count_1000_m_radius","greenspace_area_sum_1000_m_radius","lsoa_population_per_pcd","distance_category","lsoa_mean_nearest_greenspace_distance_m","lsoa_mean_nearest_greenspace_area_m2","lsoa_mean_greenspace_count_1000_m_radius","lsoa_mean_greenspace_area_sum_1000_m_radius","popbypark","pcds","pcd_start","pcd_end","pcd_nospace"
1501425,"PA736LZ","S01007285","9E8910D4-CD78-2C71-E053-A03BA40A7146","Public Park Or Garden",1481300.85665001,15180.577,1,1481300,21.375,"Greater than 1800m",9050.696694,1073966.39280876,1,1073965.6,2059.49135649297,"PA73 6LZ","PA73","6LZ","PA736LZ"
1501430,"PA736LT","S01007285","9E8910D4-CD78-2C71-E053-A03BA40A7146","Public Park Or Garden",1481300.85665001,12608.754,1,1481300,21.375,"Greater than 1800m",9050.696694,1073966.39280876,1,1073965.6,2059.49135649297,"PA73 6LT","PA73","6LT","PA736LT"
1501435,"PA736LU","S01007285","9E8910D4-CD78-2C71-E053-A03BA40A7146","Public Park Or Garden",1481300.85665001,12975.21,1,1481300,21.375,"Greater than 1800m",9050.696694,1073966.39280876,1,1073965.6,2059.49135649297,"PA73 6LU","PA73","6LU","PA736LU"
1501437,"PA736LY","S01007285","9E8910D4-CD78-2C71-E053-A03BA40A7146","Public Park Or Garden",1481300.85665001,13613.109,1,1481300,21.375,"Greater than 1800m",9050.696694,1073966.39280876,1,1073965.6,2059.49135649297,"PA73 6LY","PA73","6LY","PA736LY"
1520839,"PA736LX","S01007285","9E8910D4-CD78-2C71-E053-A03BA40A7146","Public Park Or Garden",1481300.85665001,13249.384,1,1481300,21.375,"Greater than 1800m",9050.696694,1073966.39280876,1,1073965.6,2059.49135649297,"PA73 6LX","PA73","6LX","PA736LX"
1520842,"PA736NA","S01007285","9E8910D4-CD78-2C71-E053-A03BA40A7146","Public Park Or Garden",1481300.85665001,20113.33,1,1481300,21.375,"Greater than 1800m",9050.696694,1073966.39280876,1,1073965.6,2059.49135649297,"PA73 6NA","PA73","6NA","PA736NA"
