"X","postcode","lsoa","id_greenspace","greenspace_description","nearest_greenspace_area_m2","nearest_greenspace_distance_m","greenspace_count_1000_m_radius","greenspace_area_sum_1000_m_radius","lsoa_population_per_pcd","distance_category","lsoa_mean_nearest_greenspace_distance_m","lsoa_mean_nearest_greenspace_area_m2","lsoa_mean_greenspace_count_1000_m_radius","lsoa_mean_greenspace_area_sum_1000_m_radius","popbypark","pcds","pcd_start","pcd_end","pcd_nospace"
1535448,"PA766SG","S01007287","9E891036-AB01-2C71-E053-A03BA40A7146","Playing Field",14908.2436500054,36426.324,1,14908,23.2592592592593,"Greater than 1800m",34343.6573076923,1027822.57278078,1,1027821.84615385,875.037037037036,"PA76 6SG","PA76","6SG","PA766SG"
1535449,"PA766SJ","S01007287","9E891036-AB01-2C71-E053-A03BA40A7146","Playing Field",14908.2436500054,36644.234,1,14908,23.2592592592593,"Greater than 1800m",34343.6573076923,1027822.57278078,1,1027821.84615385,875.037037037036,"PA76 6SJ","PA76","6SJ","PA766SJ"
1535451,"PA766SP","S01007287","9E891036-AB01-2C71-E053-A03BA40A7146","Playing Field",14908.2436500054,36896.027,1,14908,23.2592592592593,"Greater than 1800m",34343.6573076923,1027822.57278078,1,1027821.84615385,875.037037037036,"PA76 6SP","PA76","6SP","PA766SP"
1535453,"PA766SW","S01007287","9E891036-AB01-2C71-E053-A03BA40A7146","Playing Field",14908.2436500054,35719.992,1,14908,23.2592592592593,"Greater than 1800m",34343.6573076923,1027822.57278078,1,1027821.84615385,875.037037037036,"PA76 6SW","PA76","6SW","PA766SW"
