"X","postcode","lsoa","id_greenspace","greenspace_description","nearest_greenspace_area_m2","nearest_greenspace_distance_m","greenspace_count_1000_m_radius","greenspace_area_sum_1000_m_radius","lsoa_population_per_pcd","distance_category","lsoa_mean_nearest_greenspace_distance_m","lsoa_mean_nearest_greenspace_area_m2","lsoa_mean_greenspace_count_1000_m_radius","lsoa_mean_greenspace_area_sum_1000_m_radius","popbypark","pcds","pcd_start","pcd_end","pcd_nospace"
1535450,"PA786SY","S01007284","9E891036-AB01-2C71-E053-A03BA40A7146","Playing Field",14908.2436500054,3248.866,1,14908,18.6190476190476,"Greater than 1800m",23849.33235,14908.2436500054,1,14908,875.037037037036,"PA78 6SY","PA78","6SY","PA786SY"
1535452,"PA786TA","S01007284","9E891036-AB01-2C71-E053-A03BA40A7146","Playing Field",14908.2436500054,3464.461,1,14908,18.6190476190476,"Greater than 1800m",23849.33235,14908.2436500054,1,14908,875.037037037036,"PA78 6TA","PA78","6TA","PA786TA"
1544055,"PA786TE","S01007284","9E891036-AB01-2C71-E053-A03BA40A7146","Playing Field",14908.2436500054,2143.2417,1,14908,18.6190476190476,"Greater than 1800m",23849.33235,14908.2436500054,1,14908,875.037037037036,"PA78 6TE","PA78","6TE","PA786TE"
1563749,"PA786TB","S01007284","9E891036-AB01-2C71-E053-A03BA40A7146","Playing Field",14908.2436500054,5965.165,1,14908,18.6190476190476,"Greater than 1800m",23849.33235,14908.2436500054,1,14908,875.037037037036,"PA78 6TB","PA78","6TB","PA786TB"
