"X","postcode","lsoa","id_greenspace","greenspace_description","nearest_greenspace_area_m2","nearest_greenspace_distance_m","greenspace_count_1000_m_radius","greenspace_area_sum_1000_m_radius","lsoa_population_per_pcd","distance_category","lsoa_mean_nearest_greenspace_distance_m","lsoa_mean_nearest_greenspace_area_m2","lsoa_mean_greenspace_count_1000_m_radius","lsoa_mean_greenspace_area_sum_1000_m_radius","popbypark","pcds","pcd_start","pcd_end","pcd_nospace"
1545116,"PH191AE","S01010532","9E891054-50A7-2C71-E053-A03BA40A7146","Public Park Or Garden",457.203150000167,15777.692,1,457,19.0344827586207,"Greater than 1800m",3968.5870365,7825.14797750156,1.25,10103.4,231.400862068966,"PH19 1AE","PH19","1AE","PH191AE"
1545117,"PH191AB","S01010532","9E891054-50A7-2C71-E053-A03BA40A7146","Public Park Or Garden",457.203150000167,9748.318,1,457,19.0344827586207,"Greater than 1800m",3968.5870365,7825.14797750156,1.25,10103.4,231.400862068966,"PH19 1AB","PH19","1AB","PH191AB"
1545119,"PH191AH","S01010532","9E891054-50A7-2C71-E053-A03BA40A7146","Public Park Or Garden",457.203150000167,9762.918,1,457,19.0344827586207,"Greater than 1800m",3968.5870365,7825.14797750156,1.25,10103.4,231.400862068966,"PH19 1AH","PH19","1AH","PH191AH"
1545122,"PH191AF","S01010532","9E891054-50A7-2C71-E053-A03BA40A7146","Public Park Or Garden",457.203150000167,10482.201,1,457,19.0344827586207,"Greater than 1800m",3968.5870365,7825.14797750156,1.25,10103.4,231.400862068966,"PH19 1AF","PH19","1AF","PH191AF"
1545123,"PH191AD","S01010532","9E891054-50A7-2C71-E053-A03BA40A7146","Public Park Or Garden",457.203150000167,9860.795,1,457,19.0344827586207,"Greater than 1800m",3968.5870365,7825.14797750156,1.25,10103.4,231.400862068966,"PH19 1AD","PH19","1AD","PH191AD"
