"X","postcode","lsoa","id_greenspace","greenspace_description","nearest_greenspace_area_m2","nearest_greenspace_distance_m","greenspace_count_1000_m_radius","greenspace_area_sum_1000_m_radius","lsoa_population_per_pcd","distance_category","lsoa_mean_nearest_greenspace_distance_m","lsoa_mean_nearest_greenspace_area_m2","lsoa_mean_greenspace_count_1000_m_radius","lsoa_mean_greenspace_area_sum_1000_m_radius","popbypark","pcds","pcd_start","pcd_end","pcd_nospace"
1516922,"PH354JN","S01010530","9E8910D4-79CC-2C71-E053-A03BA40A7146","Playing Field",6378.936050001,16812.475,1,6378,27.2916666666667,"Greater than 1800m",9990.71123333333,8918.44720416706,1,8917.66666666667,339.179499151104,"PH35 4JN","PH35","4JN","PH354JN"
1522774,"PH354HT","S01010668","9E8910E5-BBD1-2C71-E053-A03BA40A7146","Public Park Or Garden",11664.9297499966,4398.239,1,11664,24.4130434782609,"Greater than 1800m",1829.24035515,12601.0409374969,1,12600.175,781.217391304348,"PH35 4HT","PH35","4HT","PH354HT"
1562962,"PH354AA","S01010530","9E8910E5-BD5F-2C71-E053-A03BA40A7146","Playing Field",18891.9597500012,1077.9323,1,18891,27.2916666666667,"900-1800m",9990.71123333333,8918.44720416706,1,8917.66666666667,54.5833333333333,"PH35 4AA","PH35","4AA","PH354AA"
1569748,"PH354HS","S01010530","9E8910E5-BD5F-2C71-E053-A03BA40A7146","Playing Field",18891.9597500012,16116.999,1,18891,27.2916666666667,"Greater than 1800m",9990.71123333333,8918.44720416706,1,8917.66666666667,54.5833333333333,"PH35 4HS","PH35","4HS","PH354HS"
