"X","postcode","lsoa","id_greenspace","greenspace_description","nearest_greenspace_area_m2","nearest_greenspace_distance_m","greenspace_count_1000_m_radius","greenspace_area_sum_1000_m_radius","lsoa_population_per_pcd","distance_category","lsoa_mean_nearest_greenspace_distance_m","lsoa_mean_nearest_greenspace_area_m2","lsoa_mean_greenspace_count_1000_m_radius","lsoa_mean_greenspace_area_sum_1000_m_radius","popbypark","pcds","pcd_start","pcd_end","pcd_nospace"
798477,"PH374LT","S01010509","9E8910ED-7A5E-2C71-E053-A03BA40A7146","Public Park Or Garden",5725.74390000204,615.42993,1,5725,30.6363636363636,"600-900m",4553.95494036842,17562.3190447369,1.73684210526316,55857.1578947368,153.181818181818,"PH37 4LT","PH37","4LT","PH374LT"
1494451,"PH374LS","S01010509","9E8910ED-7A5E-2C71-E053-A03BA40A7146","Public Park Or Garden",5725.74390000204,1289.9554,1,5725,30.6363636363636,"900-1800m",4553.95494036842,17562.3190447369,1.73684210526316,55857.1578947368,153.181818181818,"PH37 4LS","PH37","4LS","PH374LS"
1494452,"PH374LU","S01010509","9E8910ED-7A5E-2C71-E053-A03BA40A7146","Public Park Or Garden",5725.74390000204,9952.027,1,5725,30.6363636363636,"Greater than 1800m",4553.95494036842,17562.3190447369,1.73684210526316,55857.1578947368,153.181818181818,"PH37 4LU","PH37","4LU","PH374LU"
1500112,"PH374LX","S01010509","9E8910ED-7BAB-2C71-E053-A03BA40A7146","Playing Field",2107.59185000255,11252.56,1,2107,30.6363636363636,"Greater than 1800m",4553.95494036842,17562.3190447369,1.73684210526316,55857.1578947368,285.155594405594,"PH37 4LX","PH37","4LX","PH374LX"
