"X","postcode","lsoa","id_greenspace","greenspace_description","nearest_greenspace_area_m2","nearest_greenspace_distance_m","greenspace_count_1000_m_radius","greenspace_area_sum_1000_m_radius","lsoa_population_per_pcd","distance_category","lsoa_mean_nearest_greenspace_distance_m","lsoa_mean_nearest_greenspace_area_m2","lsoa_mean_greenspace_count_1000_m_radius","lsoa_mean_greenspace_area_sum_1000_m_radius","popbypark","pcds","pcd_start","pcd_end","pcd_nospace"
1505320,"PH384NA","S01010509","9E8910ED-7921-2C71-E053-A03BA40A7146","Playing Field",4780.72180000261,8416.999,1,4780,30.6363636363636,"Greater than 1800m",4553.95494036842,17562.3190447369,1.73684210526316,55857.1578947368,422.206060606061,"PH38 4NA","PH38","4NA","PH384NA"
1505322,"PH384LZ","S01010509","9E8910ED-7921-2C71-E053-A03BA40A7146","Playing Field",4780.72180000261,11369.019,1,4780,30.6363636363636,"Greater than 1800m",4553.95494036842,17562.3190447369,1.73684210526316,55857.1578947368,422.206060606061,"PH38 4LZ","PH38","4LZ","PH384LZ"
1505323,"PH384NB","S01010505","9E8910ED-7921-2C71-E053-A03BA40A7146","Playing Field",4780.72180000261,9156.697,1,4780,33.8666666666667,"Greater than 1800m",3372.82195,4726.2242055605,1,4725.66666666667,422.206060606061,"PH38 4NB","PH38","4NB","PH384NB"
1531855,"PH384NG","S01010505","9E8911C2-A964-2C71-E053-A03BA40A7146","Playing Field",6286.50410000685,8141.205,1,6286,33.8666666666667,"Greater than 1800m",3372.82195,4726.2242055605,1,4725.66666666667,169.333333333333,"PH38 4NG","PH38","4NG","PH384NG"
1531856,"PH384ND","S01010505","9E8911C2-A964-2C71-E053-A03BA40A7146","Playing Field",6286.50410000685,5517.849,1,6286,33.8666666666667,"Greater than 1800m",3372.82195,4726.2242055605,1,4725.66666666667,169.333333333333,"PH38 4ND","PH38","4ND","PH384ND"
